source_id,name,language,source_family,reliability_default,scrape_method,active,notes
CENT-SRC-LEGIS-CAL,Legislative calendars and committee agendas,es,legislative_calendar,0.9,manual,manual,P0 earliest legislative movement; automation pending
CENT-SRC-MUNI-AGENDA,Municipal assembly agendas,es,municipal_agenda,0.9,manual,manual,P0 local projects/ordinances/procurements before award
CENT-SRC-AGENCY-PR,Agency press releases,es,agency_press_release,0.85,manual,manual,P0 early government project announcements
CENT-SRC-PROCUREMENT,Procurement notices and RFPs,es,procurement_rfp,0.9,manual,manual,P0 pre-contract signals
CENT-SRC-HEARING,Public hearing notices,es,public_hearing_notice,0.9,manual,manual,P0 regulatory/permit/infrastructure signals
CENT-SRC-BOARD,Public-board agendas (PREPA/AAA/Ports/UPR/COR3),es,public_board_agenda,0.85,manual,manual,P0 board-level pre-final actions
CENT-SRC-SOCIAL,Official social media,es,official_social_media,0.6,manual,manual,P1 fast-moving public statements
CENT-SRC-MEDIA,Local media,es,local_media,0.6,manual,manual,P1 narrative detection and leak discovery
CENT-SRC-ENV-COMMENT,Environmental and public-comment notices,es,environmental_comment,0.8,manual,manual,P1 permits/impact statements/objections
CENT-SRC-BUDGET,Budget documents,es,budget_document,0.8,manual,manual,P1 funding signals before execution
CENT-SRC-NGO,Community groups and NGOs,es,community_ngo,0.5,manual,manual,P2 impact and local-concern signals
CENT-SRC-ACADEMIC,Academic and technical reports,en,academic_technical,0.6,manual,manual,P2 context and validation
CENT-SRC-RSS-THE-DRIVE-WAR-ZONE,The Drive - War Zone,en,military_aerospace_media,0.9,rss,active,Live RSS intake (T1); engine feed https://www.thedrive.com/the-war-zone/feed
CENT-SRC-RSS-FLIGHTGLOBAL,FlightGlobal,en,military_aerospace_media,0.9,rss,active,Live RSS intake (T1); engine feed https://www.flightglobal.com/rss
CENT-SRC-RSS-DEFENSE-NEWS,Defense News,en,military_aerospace_media,0.9,rss,active,Live RSS intake (T1); engine feed https://www.defensenews.com/arc/outboundfeeds/rss/
CENT-SRC-RSS-SPACE-NEWS,Space News,en,military_aerospace_media,0.9,rss,active,Live RSS intake (T1); engine feed https://spacenews.com/feed/
CENT-SRC-RSS-NOAA-NEWS,NOAA News,en,environmental_agency,0.9,rss,active,Live RSS intake (T1); engine feed https://www.noaa.gov/news-release/feed
CENT-SRC-RSS-INSIDE-CLIMATE-NEWS,Inside Climate News,en,environmental_media,0.9,rss,active,Live RSS intake (T1); engine feed https://insideclimatenews.org/feed/
CENT-SRC-RSS-YALE-ENVIRONMENT-360,Yale Environment 360,en,environmental_media,0.9,rss,active,Live RSS intake (T1); engine feed https://e360.yale.edu/feed
CENT-SRC-RSS-USGS-EARTHQUAKES,USGS Earthquakes,en,geo_geology_agency,0.9,rss,active,Live RSS intake (T1); engine feed https://earthquake.usgs.gov/earthquakes/feed/v1.0/summary/significant_week.atom
CENT-SRC-RSS-VOLCANO-DISCOVERY,Volcano Discovery,en,geo_geology_media,0.7,rss,active,Live RSS intake (T2); engine feed https://www.volcanodiscovery.com/volcanoes/rss.xml
CENT-SRC-RSS-AGU-EOS,AGU EOS,en,geo_geology_media,0.9,rss,active,Live RSS intake (T1); engine feed https://eos.org/feed
CENT-SRC-RSS-THE-BLACK-VAULT,The Black Vault,en,anomalous_archive,0.5,rss,active,Live RSS intake (T3); engine feed https://www.theblackvault.com/documentdb/feed/
CENT-SRC-RSS-EARTHFILES,Earthfiles,en,anomalous_media,0.5,rss,active,Live RSS intake (T3); engine feed https://www.earthfiles.com/feed/
CENT-SRC-RSS-MUFON,MUFON,en,anomalous_org,0.5,rss,active,Live RSS intake (T3); engine feed https://www.mufon.com/blog-feed.xml
CENT-SRC-RSS-REUTERS-BUSINESS,Reuters Business,en,financial_wire,0.9,rss,active,Live RSS intake (T1); engine feed https://feeds.reuters.com/reuters/businessNews
CENT-SRC-RSS-FINANCIAL-TIMES,Financial Times,en,financial_media,0.9,rss,active,Live RSS intake (T1); engine feed https://www.ft.com/rss/home
CENT-SRC-RSS-ASSOCIATED-PRESS-TOP-NEWS,Associated Press Top News,en,political_wire,0.9,rss,active,Live RSS intake (T1); engine feed https://rsshub.app/apnews/topics/apf-topnews
CENT-SRC-RSS-REUTERS-WORLD,Reuters World,en,political_wire,0.9,rss,active,Live RSS intake (T1); engine feed https://feeds.reuters.com/reuters/worldNews
CENT-SRC-RSS-FOREIGN-POLICY,Foreign Policy,en,political_media,0.9,rss,active,Live RSS intake (T1); engine feed https://foreignpolicy.com/feed/
CENT-SRC-RSS-BBC-WORLD,BBC World,en,news_wire,0.9,rss,active,Live RSS intake (T1); engine feed https://feeds.bbci.co.uk/news/world/rss.xml
CENT-SRC-RSS-SCIENCE-DAILY,Science Daily,en,science_wire,0.7,rss,active,Live RSS intake (T2); engine feed https://www.sciencedaily.com/rss/all.xml
CENT-SRC-RSS-DEL-VALLE-GROUP,Del Valle Group,es,contractor_press,0.7,rss,active,Live RSS intake (T2); PR contractor award/procurement press releases -> moneysweep-pr; engine feed https://delvallegroup.net/feed/
CENT-SRC-RSS-OSHA-NEWS-RELEASES,OSHA News Releases,en,osha_enforcement,0.95,rss,active,Live RSS intake (T1); engine feed https://www.osha.gov/news/newsreleases.xml
CENT-SRC-RSS-OSHA-FEDERAL-REGISTER-NOTICES,OSHA Federal Register Notices,en,osha_enforcement,0.95,rss,active,Live RSS intake (T1); engine feed https://www.osha.gov/laws-regs/federalregisters.xml
CENT-SRC-RSS-OSHA-STANDARD-INTERPRETATIONS,OSHA Standard Interpretations,en,osha_enforcement,0.95,rss,active,Live RSS intake (T1); engine feed https://www.osha.gov/laws-regs/standardinterpretations.xml
CENT-SRC-RSS-OSHA-DIRECTIVES,OSHA Directives,en,osha_enforcement,0.95,rss,active,Live RSS intake (T1); engine feed https://www.osha.gov/enforcement/directives.xml
CENT-SRC-RSS-OSHA-QUICKTAKES,OSHA QuickTakes,en,osha_enforcement,0.85,rss,active,Live RSS intake (T2); engine feed https://www.osha.gov/sites/default/files/quicktakes.xml
CENT-SRC-RSS-DRNA-DESLINDES-ZMT,DRNA — Deslindes ZMT,es,drna_permit,0.9,rss,active,Live RSS intake (T1); DRNA permit ecosystem -> aguayluz-pr/moneysweep-pr; engine feed https://www.drna.pr.gov/cat/deslindes-zmt/feed/
CENT-SRC-RSS-DRNA-DESLINDES-ZMT-APROBADOS,DRNA — Deslindes ZMT (Aprobados),es,drna_permit,0.9,rss,active,Live RSS intake (T1); DRNA permit ecosystem -> aguayluz-pr/moneysweep-pr; engine feed https://www.drna.pr.gov/cat/deslindes-zmt/deslindes-zmt-aprobados/feed/
CENT-SRC-RSS-DRNA-DESLINDES-ZMT-AVISOS,DRNA — Deslindes ZMT (Avisos),es,drna_permit,0.9,rss,active,Live RSS intake (T1); DRNA permit ecosystem -> aguayluz-pr/moneysweep-pr; engine feed https://www.drna.pr.gov/cat/deslindes-zmt/aviso-deslindes-zmt/feed/
CENT-SRC-RSS-DRNA-ZONA-COSTANERA,DRNA — Zona Costanera,es,drna_permit,0.8,rss,active,Live RSS intake (T2); DRNA permit ecosystem -> aguayluz-pr/moneysweep-pr; engine feed https://www.drna.pr.gov/cat/programas-y-proyectos/zona-costanera/feed/
CENT-SRC-RSS-DRNA-ZONA-MAR-TIMO-TERRESTRE,DRNA — Zona Marítimo Terrestre,es,drna_permit,0.8,rss,active,Live RSS intake (T2); DRNA permit ecosystem -> aguayluz-pr/moneysweep-pr; engine feed https://www.drna.pr.gov/cat/programas-y-proyectos/zona-costanera/zona-maritimo-terrestre/feed/
CENT-SRC-RSS-DRNA-PMZC-MANEJO-ZONA-COSTANERA,DRNA — PMZC (Manejo Zona Costanera),es,drna_permit,0.8,rss,active,Live RSS intake (T2); DRNA permit ecosystem -> aguayluz-pr/moneysweep-pr; engine feed https://www.drna.pr.gov/cat/pmzc/feed/
CENT-SRC-RSS-DRNA-ENDOSOS-Y-PERMISOS,DRNA — Endosos y Permisos,es,drna_permit,0.9,rss,active,Live RSS intake (T1); DRNA permit ecosystem -> aguayluz-pr/moneysweep-pr; engine feed https://www.drna.pr.gov/cat/endosos-y-permisos/feed/
CENT-SRC-RSS-DRNA-FORMULARIOS-PERM,DRNA — Formularios PERM,es,drna_permit,0.8,rss,active,Live RSS intake (T2); DRNA permit ecosystem -> aguayluz-pr/moneysweep-pr; engine feed https://www.drna.pr.gov/cat/documentos/formularios/perm/feed/
CENT-SRC-RSS-DRNA-CALIDAD-DE-AGUA,DRNA — Calidad de Agua,es,drna_permit,0.8,rss,active,Live RSS intake (T2); DRNA permit ecosystem -> aguayluz-pr/moneysweep-pr; engine feed https://www.drna.pr.gov/cat/documentos/formularios/perm/calidad-agua/feed/
CENT-SRC-RSS-DRNA-INYECCI-N-SUBTERR-NEA,DRNA — Inyección Subterránea,es,drna_permit,0.8,rss,active,Live RSS intake (T2); DRNA permit ecosystem -> aguayluz-pr/moneysweep-pr; engine feed https://www.drna.pr.gov/cat/documentos/formularios/perm/calidad-agua/inyeccion-subterranea/feed/
CENT-SRC-RSS-DRNA-TANQUES-SOTERRADOS,DRNA — Tanques Soterrados,es,drna_permit,0.8,rss,active,Live RSS intake (T2); DRNA permit ecosystem -> aguayluz-pr/moneysweep-pr; engine feed https://www.drna.pr.gov/cat/documentos/formularios/perm/calidad-agua/tanques-soterrados/feed/
CENT-SRC-RSS-DRNA-CALIDAD-DE-AIRE,DRNA — Calidad de Aire,es,drna_permit,0.8,rss,active,Live RSS intake (T2); DRNA permit ecosystem -> aguayluz-pr/moneysweep-pr; engine feed https://www.drna.pr.gov/cat/documentos/formularios/perm/calidad-aire/feed/
CENT-SRC-RSS-DRNA-CONTAMINACI-N-DE-TERRENOS,DRNA — Contaminación de Terrenos,es,drna_permit,0.8,rss,active,Live RSS intake (T2); DRNA permit ecosystem -> aguayluz-pr/moneysweep-pr; engine feed https://www.drna.pr.gov/cat/documentos/formularios/perm/contaminacion-terrenos/feed/
CENT-SRC-RSS-DRNA-DIA-DECLARACI-N-DE-IMPACTO-AMBIENTAL,DRNA — DIA (Declaración de Impacto Ambiental),es,drna_permit,0.9,rss,active,Live RSS intake (T1); DRNA permit ecosystem -> aguayluz-pr/moneysweep-pr; engine feed https://www.drna.pr.gov/cat/documentos/dia/feed/
CENT-SRC-RSS-DRNA-VISTAS-P-BLICAS,DRNA — Vistas Públicas,es,drna_permit,0.9,rss,active,Live RSS intake (T1); DRNA permit ecosystem -> aguayluz-pr/moneysweep-pr; engine feed https://www.drna.pr.gov/cat/vistas-publicas/feed/
CENT-SRC-RSS-DRNA-AVISOS,DRNA — Avisos,es,drna_permit,0.9,rss,active,Live RSS intake (T1); DRNA permit ecosystem -> aguayluz-pr/moneysweep-pr; engine feed https://www.drna.pr.gov/cat/avisos/feed/
CENT-SRC-RSS-DRNA-AVISO-AMBIENTAL,DRNA — Aviso Ambiental,es,drna_permit,0.9,rss,active,Live RSS intake (T1); DRNA permit ecosystem -> aguayluz-pr/moneysweep-pr; engine feed https://www.drna.pr.gov/cat/avisos/aviso-ambiental/feed/
CENT-SRC-RSS-DRNA-REVISI-N-P-BLICA,DRNA — Revisión Pública,es,drna_permit,0.9,rss,active,Live RSS intake (T1); DRNA permit ecosystem -> aguayluz-pr/moneysweep-pr; engine feed https://www.drna.pr.gov/cat/avisos/revision-publica/feed/
CENT-SRC-RSS-DRNA-SDP-RFP,DRNA — SDP / RFP,es,drna_permit,0.8,rss,active,Live RSS intake (T2); DRNA permit ecosystem -> aguayluz-pr/moneysweep-pr; engine feed https://www.drna.pr.gov/cat/avisos/sdp-rfp/feed/
CENT-SRC-RSS-DRNA-SUBASTAS,DRNA — Subastas,es,drna_permit,0.8,rss,active,Live RSS intake (T2); DRNA permit ecosystem -> aguayluz-pr/moneysweep-pr; engine feed https://www.drna.pr.gov/cat/avisos/subastas/feed/
CENT-SRC-RSS-DRNA-REGLAMENTOS,DRNA — Reglamentos,es,drna_permit,0.8,rss,active,Live RSS intake (T2); DRNA permit ecosystem -> aguayluz-pr/moneysweep-pr; engine feed https://www.drna.pr.gov/cat/reglamentos-es/feed/
CENT-SRC-RSS-DRNA-REGLAMENTOS-PROPUESTOS,DRNA — Reglamentos Propuestos,es,drna_permit,0.8,rss,active,Live RSS intake (T2); DRNA permit ecosystem -> aguayluz-pr/moneysweep-pr; engine feed https://www.drna.pr.gov/cat/reglamentos-es/prop_reg/feed/
CENT-SRC-RSS-DRNA-RDENES-ADMINISTRATIVAS,DRNA — Órdenes Administrativas,es,drna_permit,0.8,rss,active,Live RSS intake (T2); DRNA permit ecosystem -> aguayluz-pr/moneysweep-pr; engine feed https://www.drna.pr.gov/cat/documentos/ordenes-administrativas/feed/
CENT-SRC-RSS-DRNA-NOTIFICACIONES,DRNA — Notificaciones,es,drna_permit,0.8,rss,active,Live RSS intake (T2); DRNA permit ecosystem -> aguayluz-pr/moneysweep-pr; engine feed https://www.drna.pr.gov/cat/notificaciones/feed/
CENT-SRC-API-FEDREG-PR,Federal Register (Corps + EPA; Puerto Rico),en,federal_register_api,0.95,api,active,Live JSON API intake (T1); term=Puerto Rico; agencies engineers-corps + environmental-protection-agency; ingest/federal_register.py
CENT-SRC-SCRAPE-USACE-SAJ,USACE Jacksonville regulatory public notices,en,usace_regulatory,0.9,scrape,manual,Federal Section 404/Section 10 coastal permits; rss_detail connector implemented but SHIPS DISABLED - the saj.usace.army.mil Akamai edge refuses programmatic clients (403 Access Denied incl. robots.txt; headless Chromium gets ERR_CONNECTION_RESET) and its RSS items are opaque permit-ID stubs with no body/location; flip scrape.sources[].enabled to true from a reachable network
CENT-SRC-SCRAPE-EPA-R2-NPDES,EPA Region 2 Puerto Rico NPDES permits,en,epa_npdes,0.9,scrape,active,Live HTML scrape (T1); html_table parser; row columns carry municipality (Location) permit status and comment-period end dates
CENT-SRC-USFWS-CARIBBEAN,USFWS Caribbean Ecological Services,en,usfws_consultation,0.85,manual,manual,Endangered-species/Section 7 consultations touching PR coastal permits; no feed
CENT-SRC-NOAA-SERO-EFH,NOAA SERO Essential Fish Habitat consultations,en,noaa_efh,0.85,manual,manual,Essential Fish Habitat consultations on PR coastal projects; no feed
CENT-SRC-SCRAPE-OGPE-FUENTES,OGPe Fuentes de Informacion (vistas/avisos/documentos ambientales),es,ogpe_notices,0.9,scrape,active,Live HTML scrape (T1); Webflow CMS; curated permit panes only (Vistas Publicas / Proximas / Pasadas / Documentos Ambientales / Ordenes Administrativas / Leyes y Reglamentos / RFPs / Ordenanzas Municipales / Cartas Circulares); excludes Manuales / Guias / Videos / Formularios / Mapas / Codigos / Informes as non-signal
CENT-SRC-API-OGPE-PEMAS,OGPe CKAN PEMAS construction permits dataset,es,ogpe_pemas_dataset,0.9,api,manual,Construction-permit records as JSON/CSV via CKAN; bot-protected (needs browser-like UA); automation pending
CENT-SRC-OGPE-SIP,OGPe SIP case search (busqueda de casos),es,ogpe_case_search,0.9,manual,manual,Single Permit case lookup; auth/JS-gated; manual
CENT-SRC-SCRAPE-OGPE-DOCS,OGPe public document search,es,ogpe_doc_search,0.85,scrape,manual,Public permit-document search; JS-rendered; automation pending
CENT-SRC-SCRAPE-OGPE-PROF,OGPe Profesional/Inspector Autorizado directory,es,ogpe_professional_directory,0.8,scrape,manual,Authorized professional/inspector registry; HTML; automation pending
CENT-SRC-SCRAPE-JP-VISTAS,Junta de Planificacion vistas publicas,es,jp_hearings,0.9,scrape,active,Live HTML scrape (T1); Webflow CMS list of land-use public hearings; ingest/web.py webflow_cms parser
CENT-SRC-SCRAPE-JP-NOTICIAS,Junta de Planificacion noticias/comunicados,es,jp_press,0.8,scrape,active,Live HTML scrape (T2); Webflow CMS list of JP press releases and notices
CENT-SRC-SCRAPE-JP-RESOLUCIONES,Junta de Planificacion resoluciones especiales,es,jp_resolutions,0.85,scrape,active,Live HTML scrape (T2); Webflow CMS list of special resolutions (zoning/consultas)
CENT-SRC-API-JP-SIGE,Junta de Planificacion SIGE zoning (ArcGIS),es,jp_sige_gis,0.85,api,manual,Zoning/classification layers via ArcGIS REST (f=json); automation pending
CENT-SRC-JRP,Junta Revisora de Permisos,es,jrp_appeals,0.85,manual,manual,Permit-decision appeals/adjudications; no feed; manual
CENT-SRC-MUNI-SANJUAN,Municipio Autonomo de San Juan (permits/ordinances),es,municipal_permits,0.75,manual,manual,Autonomous-municipality land-use permits/ordinances/procurement; route via OGPe SBP or manual
CENT-SRC-MUNI-BAYAMON,Municipio Autonomo de Bayamon (permits/ordinances),es,municipal_permits,0.75,manual,manual,Autonomous-municipality land-use permits/ordinances/procurement; route via OGPe SBP or manual
CENT-SRC-MUNI-CAGUAS,Municipio Autonomo de Caguas (permits/ordinances),es,municipal_permits,0.75,manual,manual,Autonomous-municipality land-use permits/ordinances/procurement; route via OGPe SBP or manual
CENT-SRC-MUNI-PONCE,Municipio Autonomo de Ponce (permits/ordinances),es,municipal_permits,0.75,manual,manual,Autonomous-municipality land-use permits/ordinances/procurement; route via OGPe SBP or manual
CENT-SRC-PROCUREMENT-ASG,Administración de Servicios Generales — Subastas,es,procurement_rfp,0.95,scrape,active,Live HTML scrape (T1); ingest/web.py asg_cards parser over https://asg.pr.gov/subastas sorted by -creado; bid cards carry no date so each entry's page is fetched for its Acto de Apertura; max_pages bounds a routine poll to the newest two pages of a 64-page index
CENT-SRC-SCRAPE-ASG-NOTICIAS,Administración de Servicios Generales — Noticias,es,agency_press_release,0.8,scrape,active,Live HTML scrape (T2); asg_cards parser over https://asg.pr.gov/noticias/; procurement-policy press releases dated on the card; selectors cover both article.blog-card and the promoted article.blog-featured lead story
CENT-SRC-PROCUREMENT-SAM-PR,SAM.gov — Puerto Rico contract opportunities,en,procurement_rfp,0.95,html,active,T1 federal opportunities; canonical https://sam.gov/content/opportunities
CENT-SRC-MUNI-SAN-JUAN-PROCUREMENT,Municipio de San Juan — Avisos y Portal de Subastas,es,municipal_procurement,0.95,html,active,T1 canonical pages https://sanjuan.pr/avisos-publicos/ and https://subastas.sanjuan.pr/
CENT-SRC-RSS-JUST-SECURITY,Just Security,en,expert_legal_policy_media,0.8,rss,active,Live filtered RSS intake (T4) for Puerto Rico-relevant law/policy discovery; search/tag manifestations are coverage audits only; living-page versions are monitored separately; linked court/government documents require independent evidence-tier adjudication
